asin,text,title,Verified,location_and_date,stars
B0CRDCXRK2,"I wanted to buy another laptop for work purposes but also be useful for travelling and for gaming so I saw this laptop for sale during Black Friday! Excellent purchase! Here is my pros and cons after a week of owning this:Con:1. 1920 x 1200 FHD 165Hz Display is very much an downgrade against my Legion 5 Pro 16"" 2560 x 1600 IPS LCD 165Hz Display... But I guess with the parts offered, ASUS had to make some budget cuts somewhere I guess... (for the model I've chosen and not wanting to spend more than $1500 USD).2. Automatic MUX Switching is annoying... it optimizes which option to best suit for your current usage at the time (e.g. if you ran an game vs closing the game and brings you to the desktop). The automatic switch seems like its great and all but it ruins the display setting and when an game is playing, it switches again and sends you back to the desktop and ruins the display setting/resolution once more... Its best to just set it on the dedicated GPU option so you dont have to deal with this...3. Standard SSD Capacity is too low (again with cost saving measures but literally everyone these days just buy additional SSD stick anyways)... so snagged an SK.Hynix P41 SSD 2TB stick on sale to manually install for loading heavy application and games on there; really easy to install and easy to unscrew the back; there is an empty NVMe Gen4 M.2 2280 slot for you to install your SSDWorks Great after installing correctly and no Issues now! (make sure after install of SSD, just load into Windows and open up disk management to reformat (quick format! never full on SSD!) No need to tinker with BIOS setting...Do not tighten the SSD screws too much where the stick bends! thats incorrect! screw in ever so slightly so that the stick itself wont lodge out or move at all.Pros:1. RTX 4060 8GB - 140W Max TGP2. i7-13650HX - beats my Ryzen-7 5800H on my Legion 5 Pro3. RGB bar looks awesome!4. Battery 90WhNeutral:1. RGB Keys - heard mixed reviews on ASUS's design on this; of course, the Legion 5 RGB keyboard design is the best of the best but this is just okay and its not too bad in my eyes.2. Same weight and nearly the same dimensions as my Legion 5 Pro so portability is the same-ish but way better than my old MSI gaming laptop from 2017 where you can put this in your backpack and still have room to put other accessories and such.This is all I've noticed currently but either way, its a great mid-tier gaming laptop! I can run cyberpunk all max setting without issues or framerate drops and every other AAA game titles up to this point... This laptop should last an long time until AAA games becomes more graphically intense and requiring more processing power... but again this is the best you can get for your money and highly recommend!",Excellent Deal! Great Gaming Laptop!,True,"Reviewed in the United States on December 9, 2023",5.0 out of 5 stars
B0CRDCXRK2,"The only thing I would change is the part of the keyboard ‚ÄúAsdf,we‚Äôre‚Äù that is neither lit than the rest of keyboard and there is no ten key I would of liked the ten key but the graphics are awesome , easy to use. Stores nicely for on the go light weight . Sound quality is crisp and performance is up to par .",Love this,True,"Reviewed in the United States on December 9, 2023",5.0 out of 5 stars
B0CRDCXRK2,"The specs are really good for this laptop. I love how you can even play with 100 FPS or even more in some games (Halo infinite,  Apex Legends, The Finals) with the silent mode (without overheating or having the max power of the CPU/GPU). If you want to get over 100+, the turbo mode (taking full advantage of the GPU/CPU) will be great + the 165.1 Hz. The only ""issue"" (not issue honestly if you do not see this as problem) is the turbo mode makes the laptop sounds a bit loudly which is normally when you are utilizing it with the full capacity. Other than that, you can have an amazing experience playing on this mode.This version specifically does not have the numeric pad included. I originally thought it was going to be, but the i9 version has it, this one does not.Sound experience is good enough considering this is a gaming laptop, but by using headsets, the sound changes considerably, so good point to have the direct connectionWifi is the fastest and best one I've ever seen personally. I have played online getting 80+ pin (considering I'm from Colombia and pin does not get below that normally) easily. The experience can change a bit with cable, but there is not a big change at least on my end. Long story short, wifi is really attractive if you do not mind losing or having some ms more.Finally, this is something NOT related to the laptop. When I placed the order, I trusted on the platform by adding ""automatic"" location. This caused a delay of 5 business days. I contacted Amazon and the delivery company and Amazon could not change the shipment address because it had been already shipped. After several back and forth calls, none of the companies was able to support or make it faster which I understand, but I felt super uncomfortable knowing my order was in my city and Amazon did not attempt to address the situation.  So please be careful and I recommend to add the location manually BEFORE making the order.If you are looking to jump into a medium/high performance laptop with no more than 1,500, this is a great option.",Best laptop price/specs,True,"Reviewed in the United States on December 9, 2023",5.0 out of 5 stars
B0CRDCXRK2,"Rceiving a warranty extension from ASUS for this Review*Right out of the gate this laptop is impressive. Everything I've thrown at it, it's played very well. The new 40 series graphics cards features really help with this. The laptop is sturdily built with no deck flex around the keyboard. The screen is 1200p which is a little more than FHD and in the 16"" size it looks great. No lightbleed and a strong contrast ratio. Yes you can easily open it up and replace the memory and add another m.2 SSD. The memory is dual channel and the m.2 size is the full length size. Yes the thing is quiet even under some light load. Of course the fans will ramp up if you throw something very demanding at it BUT looking at temps for the CPU/GPU show that it's very well cooled. I haven't seen the CPU go over 85c nor the GPU over 65c as of yet.The power plug is in an odd spot though, it's in the center of the right hand side and with the power brick being so large that might cause trouble for some when trying to position it somewhere. There's an odd issue with the 3.5mm headphone jack where using an earbud with an inline microphone can cause some weird sound issues. Upon looking online I see that low impedance headphones might suffer from these sorts of issues on certain laptops. In my testing using expensive headphones with high impedance show no sign of this issue so that could very well be the issue. I also find the trackpad can be a bit funky, it will sometimes not register clicks and more frequently won't register two finger scrolling correctly. I've tried reinstalling drivers and tweaking settings for both the audio/trackpad issue but nothing has seemed to help. This is a new laptop after all so I'm hoping these issues can get sorted out soon.","A great gaming/all around laptop, not perfect but close to it.",True,"Reviewed in the United States on December 9, 2023",5.0 out of 5 stars
B0CRDCXRK2,"Disclaimer: I am writing this review to avail 90 day warranty extensionI am writing this review almost two months after I received this beast. It has been a smooth-ish experience. It is amazing for the price. I like that it can run all my games, and I have also used it for programming. It is definitely good as an all-rounder. The battery life is unexpectedly good. Once it reached more than seven hours, which is supreme for a Windows machine. I like the large trackpad. The RGB is also a good addition. Though the laptop becomes loud in turbo mode, I find myself keeping it on either silent or balanced mode, depending on the FPS I am trying to achieve.It runs Cyberpunk max settings with path tracing at 80 FPS native resolution with DLSS Quality at 70 FPS. I can confidently say it can run every game out there at max settings.The only downside is the SSD. Maybe it is just my model, or I am not sure, but the laptop becomes extremely slow while downloading games from Steam, Epic Games, etc. It is almost unusable. Task Manager shows disk at 100% while showing only 50 MB/s writes, which are initially 200, etc. I am not sure about this, but it is not much of a hassle. I only notice it when games are updating or installing. I guess they had to cut corners to make this such a great price. The Black Friday sale made this laptop even more worth it. I paid 1300$ because it had to be shipped to Qatar. It is much cheaper than the alternatives here, though, so worth it.Overall, I am giving this laptop a 5 stars. If only the SSD was better, this would be a perfect laptop. I guess I will probably buy a better SSD later, as this laptop has two NVMe slots.",My First ever Laptop it soo good definetly worth it. Only one downside though,True,"Reviewed in the United States on December 9, 2023",4.0 out of 5 stars
B0CRDCXRK2,The laptop came with bad packaging. When opening the box the laptop came almost opened? like it was previously opened before?? Keep in mind that i ordered this laptop new so it‚Äôs almost as if the package was resealed and was opened before selling to a customer which is quite ridiculous . The laptop had other major issues such as the boot not loading at all when turning on the laptop u would see the ‚ÄúROG‚Äù loading screen with the dead pixels ‚Äúthe horizontal lines i was talking about‚Äù which i had to watch multiple videos to figure out how to get past the bootloop because the laptop had an error called ‚Äúinaccessible_boot_device‚Äù not to mention the other major issue it had with the laptop screen.. The Amazon laptop link advertised the screens refresh rate being 165hz and the laptop was displaying ‚Äú64 hz‚Äù when i managed to fix the bootloop was talking about earlier making this laptop completely useless to be fair. This laptop also didnt come with wifi which is kind of surprising considering this cost me 1200 $ + not including tax so u would think they would at least add wifi support so u can see other networks but no. ? also considering the fact that other and cheaper laptops have them installed?? unless it was just my laptop that didn‚Äôt come with it ? taking into consideration that my package looked like it had been previously opened before i received it(came with no plastic wrap on the laptop covering it and came with no manuals ) (i am currently in the process of returning this item so hopefully i don‚Äôt get charged or deducted any amount i paid dude to there not being any manuals or plastic wrap on my laptop i received. ( I DO NOT RECOMMEND THIS LAPTOP HAS MAJOR ISSUES),MAJOR ISSUES DONT BUY (ghosted pixels),True,"Reviewed in the United States on December 9, 2023",1.0 out of 5 stars
B0CRDCXRK2,"kid is happy.not running super-heavy stuff yet (just Fortnite and Raft) but kid is happy.Build quality looks good, the fans are relatively quite, feels like quality.no complaints :)","looks nice, good so far",True,"Reviewed in the United States on December 9, 2023",5.0 out of 5 stars
B0CRDCXRK2,"I had been looking at replacing my old HP laptop for a while now but WOW was this so much more than I expected! My HP played Baldur's Gate 3 at an average of a whopping 7 fps and that was a painful experience. The load times were god awful. The Asus ROG STRIX g16, though, has no trouble running it, even if I push everything to the highest settings possible. I usually get somewhere between 42 fps and 63 fps minimum now during my sessions. The Final Fantasy 14 Dawntrail benchmark also runs beautifully, which I'm very pleased about since the whole point in upgrading my computer was so I met the minimum requirements for Dawntrail when it releases.The packaging for this laptop was really nice. Opening it was just as much of an experience as turning it on for the first time. The keyboard feels great when typing and I love that the little bumps that help you figure out where your fingers are without looking includes W. It's an incredibly customizable laptop as well with easy to access bays for the hard drives. I haven't upgraded mine yet, but it'll be a breeze when I get around to it.Overall, I'm in love with this laptop. I knew I'd like it based on reviews and specs, but I ended up liking it even more than I expected to. I would recommend it to anyone looking for an upgrade without paying $2000+ for a computer. I had honestly thought to build a desktop but I need the portability of a laptop. The Asus ROG STRIX g16 is so nice that I honestly don't regret not going the desktop route.I am receiving a 90-day warranty extension from ASUS for my feedback.","If you're looking for a great laptop, this is it!",True,"Reviewed in the United States on December 9, 2023",5.0 out of 5 stars
B0CRDCXRK2,"i7-13650HX 13th, llego con algunas fallas .-un leve ruido internamente que no proviene de los ventiladores y aun no lo he abierto para ver de donde viene el ruido (no sucede seguido, solo es algunas veces) y no afecta para nada en el rendimiento, se puede jugar, editar y todo normal. No creo que sea un problema grave.-A veces las aplicaciones fallaban, se congelaba y se reiniciaba solo (no suced√≠a muy seguido). He realizado diagn√≥sticos para saber si alg√∫n componente provocaba estos errores pero no se encontr√≥ ning√∫n problema, y hasta ahora descubr√≠ que las apps de Asus (myasus y armoury crate) era lo que provocaba el tema de que las apps se cierren o que se congelara el port√°til, as√≠ que las reinstale y actualmente se corrigi√≥ la mayor√≠a de esos errores, pero aun suele dejar de funcionar el explorador de archivos, la barra de tareas y pocas veces las apps se dejan de funcionar. As√≠ que recomiendo reinstalar las apps de Windows, restablecer la BIOS al modo fabrica y reinstalar Windows (que es lo pr√≥ximo que hare porque estoy seguro de que solo es problemas con Windows que tal vez se configuro mal durante la instalaci√≥n)*No me gusto la parte de atr√°s ya que viene con relieves lo que dificulta usar soportes, es por eso que tuve que colocar los soportes uno mas abajo que el otro para poder nivelarlo, pero recomiendo colocar soportes en la parte de atr√°s para que el aire pueda circular mejor, adem√°s que tambi√©n sirve para que el cable del cargador pueda bajar un poco para que no se caliente por la salida de aire (como esta en la imagen).*En cuanto a juegos Assassin's creed syndicate en gr√°ficos m√°ximos da hasta 60 fps (es el √∫nico juego que he instalado hasta ahora).*La pantalla no es de tan alta resoluci√≥n si eres exigente en ese aspecto, pero se mira muy bien.*La bater√≠a dura 2 horas mirando peliculas, que es lo normal en laptop gamer (en armoury crate en modo gpu, viene seleccionado ""est√°ndar"" recomiendo seleccionar ""optimizado"" que har√° que la RTX se desactive y solo use la grafica integrada) esto har√° durar un poco mas la bater√≠a, tambi√©n activar el ahorro de bater√≠a.*un consejo, si no te reconoce la RTX, intenta cambiando el modo gpu en armoury crate.En resumen, me gusta mucho este port√°til y fue una buena compra. Tambi√©n decir que hable con el vendedor explicando los problemas que tenia la laptop y me dio la opci√≥n de devolverlo para el reembolso (me indico que se revisaba la falla y seg√∫n eso el envi√≥ de la devoluci√≥n se me devolv√≠a y me daba el reembolso) pero como explique, solo es cuesti√≥n de reinstalar.",Es un port√°til potente i7-13650HX 13th,True,"Reviewed in the United States on December 9, 2023",4.0 out of 5 stars
B0CRDCXRK2,Comprado para black friday por 1100 dolares sin duda alguna es una oferta que tenia que aprovechar esta maquina fue elegida entre las opciones de una acer nitro 16 y un msi creator con casi las mismas caracteristicas.La he estado poniendo a prueba durante 15 dias y hay varias caracteristicas que me han impresionado al igual que detalles menores que no mucho me gustaron.El dise√±o de la laptop es impresionante un dise√±o bastante bueno y con detalles que hace sentir que adquiriste un buen producto premium el aura sync de la pantalla tiene un efecto bastante bonito pero me hubiera gustado que incluyera el numberpad en el mousepad a parte que no incluye teclado numerico esto es malo para mi ya que me servia para programar pero con unas configuraciones al teclado lo pude arreglar pero para escribir ecuaciones me sigue afectando.Conectividad es casi perfecta pero no me gusto qie quitaran un usb tipo A ya que siempre uso los 3 puertos usb tipo A me vi obligado a comprar un HUB para tener mas puertos y no le vendria mal un lector de tarjetas SD.Rendimiento simplemente una bestia puede con todos los trabajos de la universidad para correr juegos es muy excelente y corre mis juegos arriba de los 165 fps perfecto para aprovechar la pantalla de 165 hertz y no necesitas el modo ultimate para lograrlo en juegos como l4d2 o genshin impact he probado el equipo con el juego mas pesado de mi biblioteca shadow of the tomb raider con los graficos mas altos posibles y he obtenido 80 fps no baja de esa cantidad es lo suficiente para jugar comodo si desactivas el vsinc obtendras 120 fps para que puedas aprovechar mejor la pantalla de 165 hertz.Detalles menores que no me gustaron:Por lo visto en los comentarios la pantalla es delicada y si ya empece a tener problemas con ella algunas veces cuando cierro y abro la laptop la pantalla disminuye su resolucion y se cambia automaticamente a los graficos integrados puedes corregir esto en el panel de nvidia deshabilitando los graficos integrados pero la resolucion siempre se disminuye y hay que ir al panel de configuracion a corregirlo esta es la principal razon por la cual le baje una estrella tambien cuando tienes activado el aura sync wallpaper y abres el navegador chrome la pantalla parapdea estuve averiguando y la razon es el aura wallpaper.Probablemente actualice en 6 meses pero en conclusion valio la pena los 1100 dolares.,Perfecta para la universidad :D,True,"Reviewed in the United States on December 9, 2023",4.0 out of 5 stars
B0CRDCXRK2,"The seller's Asus G16 arrived impeccably and he sent it in less than a day, definitely 100% recommended",excelent laptop,True,"Reviewed in the United States on July 9, 2024",5.0 out of 5 stars
B0CRDCXRK2,"I've been using this Laptop for about a year now, only real negative i have to say about it is there's occasions where the  'Armoury Crate' app( which is the application that controls your fans speeds and RGB lighting) crashes causing the whole laptop to hard crash. It's only happened about six times in total; Bios Updates has made this less common but i think i should mention it regardless. This is the best ""gaming"" laptop on the market for the price. If you want something ""better"" you'll have to cough up a pretty penny going into enthusiast territory; for marginal upgrades with diminishing returns.  I've looked around quiet a bit for other computers in this price range, so far this is the best one I've found. If you can get it on sale it's a steal.TL:DR: has some quirks that you need to be mindful about1. It does happen but it's rare, it will hard crashed caused by it's Fan and RGB software. updates made it stable but still worth noting.2. If you open it to upgrade the space or ram, you need to reconnect it to the outlet again to power back on. (so no you didn't break it.)3. You can turn off the RGB completely as well as mute the Custom start up sound in Armoury Crate.",Best PC at this price point without Diminishing returns.,True,"Reviewed in the United States on July 9, 2024",5.0 out of 5 stars
B0CRDCXRK2,"Una de las mejores computadoras que he utilizado de las mas r√°pidas y mas eficientes en su uso, no me arrepiento ni un poco por la compra m√°s bien agradezco haberla encontrado",La mejor PC Gamer,True,"Reviewed in the United States on July 9, 2024",5.0 out of 5 stars
B0CRDCXRK2,"More than satisfied with the quality with the price. I sometimes run two games at once without any problems other than maybe noise. Designed very light, clean, and slim; keyboard strokes feel nice as well. The only uncomfortable part is that the USB ports are only on the right side.Disclaimer: Warranty extension from ASUS (90 days) may be received for feedback.",Great gaming laptop,True,"Reviewed in the United States on July 9, 2024",5.0 out of 5 stars
B0CRDCXRK2,"First of all, this thing has great specs for the price.  Unfortunately, it's not for me.  I wanted to like it but all the lights are a bit too obnoxious for my liking.  I'm sure they can be turned off but there was no flash card in the box that told me how.  It's probably a simple combo keypress.  Anyway, I set up Windows and rebooted after the first round of Windows' updates.  It booted into the bios on the section for flashing the bios.  Weird.  I didn't interrupt the boot process.  It did have a message to plug in the laptop even though it was 95% charged.  I exited the bios and powered off/on.  Same thing.  I decided to plug it in and powered off/on again and let it along.  After 10 or so minutes, I see what you see in the video.  Seemed like it wanted my attention so I press a key and there's Windows.  Ok, that looks good.  But why is it flashing like that?  Windows had been updated and loaded.  There was nothing that told me I needed to do anything.  So I let it be and after a minute or so, it went back to the flashy process in the video.  I pressed a key and logged into Windows and everything was fine after that.  I'm not sure why this thing had to flash like that just to tell me Windows was ready to log in to.Aside from that, it seems like a great machine.  It's built like a tank without being too heavy.  Screen is pretty.  The few games I tried (American Truck Simulator, Euro Truck Simulator, Mars 2030) played beautifully.Anyway, maybe that's a silly reason to give it 3 stars.  The laptop itself probably deserves 4/5 stars but I had a 3 star experience.",The flashy lights are annoying,True,"Reviewed in the United States on July 9, 2024",3.0 out of 5 stars
B0CRDCXRK2,"Muy buena port√°til, para jugar es excelente, la pantalla tiene unos buenos colores, iluminaci√≥n decente y una tasa de refresco alta, el sonido est√° bien, a vol√∫menes alto se distorsiona mucho pero tiene un nivel de volumen alto por lo tanto no necesitas llegar al m√°ximos, el touchpad tiene un tama√±o grande y una sensaci√≥n agradable, la construcci√≥n del port√°til tambi√©n est√° muy con una tapa de metal y el cuerpo de un pl√°stico duro, es pesada la port√°til pero es que es de potencia, lo que no me gusta es el teclado, tiene una buena distancia de recorrido pero la sensaci√≥n de los botones se siente barato, adem√°s el grabado de las letras es feo y al encender el computador obligatoriamente el RGB no se puede descativar (de momento no encuentro alguna opci√≥n que me permita desactivarlo). Aunque la port√°til sea para juegos tiene un dise√±o que puede llegar a ser sobrio para entornos profesionales",Casi la Perfecci√≥n,True,"Reviewed in the United States on July 9, 2024",4.0 out of 5 stars
B0CRDCXRK2,I know that y pay a cheaper uded version but still i payed 1070 DLL and the fact that the audio doesn't work perfectly its crazy.,The audio üíÄüíÄüíÄüíÄüíÄ,True,"Reviewed in the United States on July 9, 2024",4.0 out of 5 stars
B0CRDCXRK2,Me gusta mucho los colores de laptop y su portabilidad de no ser tan pesada.,Bonita y portatil.,True,"Reviewed in the United States on July 9, 2024",5.0 out of 5 stars
B0CRDCXRK2,"Before we turned on the laptop to test it we upgraded it with the 64 Gb of ram that we needed for 3D scanning. Turned on the laptop and nothing, so we plugged it in thinking the battery might be low which is normally not the case as they have atleast 30% or so from the factory.No go, Went through all the trouble shooting steps from Asus still no go. Black screen but when plugged in the keyboard lit up and fans all worked. I thought maybe the laptop is working and the screen ain't. I plugged in an HDMI cable to my monitor and no go, But the MOMENT! I unplugged the HDMI it started working. I switched ram, same issue, same trick worked. Have no issues until you try to switch the ram, But if your getting a black screen while plugged in try to plug it to your TV or monitor and then unplug the HDMI. Weird I know, but it worked great. And so far we have had no issues from the laptop.We recieved it a day late, But other then that Id highly recommend it as a laptop and hope if you have this issue you find this review and it worked.",Had issues but resolved them. Good value for the money.,True,"Reviewed in the United States on July 9, 2024",4.0 out of 5 stars
B0CRDCXRK2,This computer is great but even as I just try to type this it freezes.  Everything else is pretty good for the price.  The freezing is livable but annoying.  Not sure how to get support aside from shinanaghins with customer support online.,Great computer but mine freezes often,True,"Reviewed in the United States on July 9, 2024",3.0 out of 5 stars
B0CRDCXRK2,I had expected that this Asus ROG strix G16 will be faster than my Hp probook 6360b but it is not. The only difference is it has a better gpu which allows extending display.I liked the rgb keyboard and on trim which I had wished its on the rear of the laptop and not the front.Its display blinks on power plug in or plug out.,NOT AS FAST AS EXPECTED,True,"Reviewed in the United States on March 2, 2024",4.0 out of 5 stars
B0CRDCXRK2,"(Before I start, if you‚Äôre a PC noob like me and didn‚Äôt really know anything starting out, laptops must be plugged in while playing to maximize performance. It will also die very, very quickly if gaming on battery power)This laptop was my introduction into PC gaming, and it performed above my expectations. I always assumed gaming laptops couldn‚Äôt ever be as good as desktop PC‚Äôs, and boy was I wrong. This thing runs all of my games on Ultra with at least 65 FPS while plugged in (usually higher). I‚Äôve played many small indie games on it, along with AAA titles like RDR2, Starfield, The Witcher 3, and more. Every game ran great. Starfield was the toughest one but it still did good (full ultra with frame boost running at 65 fps in the big cities). This laptop is easily worth it if you plan on playing lots of games but don‚Äôt have room for a desktop PC like me.",Great Laptop,True,"Reviewed in the United States on March 2, 2024",5.0 out of 5 stars
B0CRDCXRK2,"Three months in using, Right off the bat I personally Got this on black Friday on a massive discount but even without that this laptop really gives you your bang for the buck, it came without even a minor scratch given this was imported from my country in South Asia(good shipping experience)  everything so far has just worked except for minor rare crashes here and there while booting games(might be my external hard disk to blame) Runs well, haven't benchmarked it or anything but can assure anyone that if not defective this beast will run anything you throw at it with conveniently playable frames, does weigh quite a lot though( I know duh!) so keep that in my mind, screenns great, rgb has a lot of customization options, the battery is fine for a gaming laptop, really tactile keyboards, material used feels really premium, performance really takes the crown but just know that on extreme setting both on the game and on the armory(native performance control center) things tend to Get real loud real fast, so that is what I have to say about this, am really satisfied with my product and hope you will too( If you decide to buy it), have a nice day and peace be with you.",Worth every dime!,True,"Reviewed in the United States on March 2, 2024",5.0 out of 5 stars
B0CRDCXRK2,Loving the laptop so far but the battery life is not as good as I thought it would be.,Almost perfect except..,True,"Reviewed in the United States on March 2, 2024",4.0 out of 5 stars
B0CRDCXRK2,excelente producto,excelente producto,True,"Reviewed in the United States on March 2, 2024",5.0 out of 5 stars
B0CRDCXRK2,"The only ""could be better"" thing is that all the USBs type A ports are on the right side, which means that if you have a wired usb-a mouse, it can become somewhat of a bother, specially for small tables. That and the optimus. When it switches the display input from the integrated graphics to the 4060 it causes a couple of seconds of screen freeze.Besides that, is PERFECT. Battery life lasted long enough to see one complete season of 12 25min episodes. Screen looks amazing. Gaming performance of course is amazing too, with stable FPS at more than 100fps in many games. Keyboard feels good too. Speakers could be better but lets be honest, this is a gaming laptop, not a macbook. Overall happy with this product. Maybe not as cost/effective as the Lenovo LOQ but still a solid product from ASUS.",Amazing product with almost no flaws,True,"Reviewed in the United States on March 2, 2024",5.0 out of 5 stars
B0CRDCXRK2,"I'll start from the end - it's an excellent laptop.I will not write the advantages or disadvantages, instead I will write why it is a balanced and suitable for gaming on a sane budget.It has an RTX 4060 GPU with 8GB of RAM. On the one hand, it is excellent for gaming on 1080p, on the other hand, it also allows you to play in high resolutions using DLSS 3 / 3.5.More expensive laptops with RTX 4070 will indeed provide higher performance, but the card also comes with 8GB of RAM, which means that at higher resolutions it will probably cause a bottleneck.Cheaper laptops with RTX 4050 are not worth the price since the card is both weaker and has only 6GB of RAM - can bottleneck some modern games even on 1080p.The rest of the hardware - the CPU delivers great performance, the RAM is not soldered and therefore can be upgraded if needed and there is an additional slot for an another SSD.I bought it on sale ($1100 before tax and shipping) and am very satisfied, definitely recommend.",Great laptop for the price,True,"Reviewed in the United States on March 2, 2024",5.0 out of 5 stars
B0CRDCXRK2,"Ya hace 1 mes que la tengo y no tengo ning√∫n problema, Asus se lucio con esta laptop",Recomendado,True,"Reviewed in the United States on March 2, 2024",5.0 out of 5 stars
B0CRDCXRK2,"Vengo de una Gigabyte G5 ke, la cual es m√°s austera, inici√© con esa en el mundo del laptop gaming a pesar de que podr√≠a haberme comprado una mejor y no volver√© a comprar laptops de entrada. Hay mucha diferencia en calidad de construcci√≥n, pantalla, el software de la marca, la duraci√≥n de la bater√≠a, todo mejor. Para mis est√°ndares la calidad de la pantalla es muy buena, la duraci√≥n de la bater√≠a es decente (buena para ser gaming) y lo que m√°s me gust√≥ es lo silenciosa que es (tal vez compar√°ndola que mi anterior laptop). La consegu√≠ en descuento por 1100, por lo qu estoy muy satisfecho.",CALIDAD PRECIO EXCELENTE,True,"Reviewed in the United States on March 2, 2024",4.0 out of 5 stars
B0CRDCXRK2,"I've had it for a bit over a month now and  it is running like a champ! I ended up upgrading the ram from the installed 16gb to 64GB and it works just fine (thought their website only says it supports 32gb). It also has two m.2 SSD slots so I added a 2TB and it is a beast! I run Cyberpunk 2077 at 1080p Ultra with ray tracing on. I also run Baldur's Gate 3 totally maxed out. Keep in mind that this is more of a desktop replacement at this size and having a GeForce RTX 4060 in it. It should be used on a flat surface for proper cooling and it chews through the battery like it's nothing which is to be expect, but plugged in, it's great.  The exhaust is hot, which I did expect.  The fan is very quite, which I did not expect. The looks are pretty cool too, not too ridiculous as gaming devices tend to be. I am a very satisfied customer.",Great laptop for a decent price!,True,"Reviewed in the United States on March 2, 2024",5.0 out of 5 stars
B0CRDCXRK2,"The pc came in good conditions, fast shipping with DHL to Morocco, had some minor problems with like it freezes sometimes for 1 sec when I open the wifi section from taskbar, and some minor backlight bleeding that I think its going away now, coil whine started when I first played a game, but its not hearable so that's good. overall its a good PC Value for Money, got it at 1099 usd during the Black Friday sales!Last thing, the fans are so noisy when gaming but they keep the pc cool.",Minor problems but it's all good,True,"Reviewed in the United States on December 9, 2023",4.0 out of 5 stars
B0CRDCXRK2,"Me encant√≥, laptop perfecta para jugar",Me encant√≥,True,"Reviewed in the United States on December 9, 2023",5.0 out of 5 stars
B0CRDCXRK2,Works great,We liked it,True,"Reviewed in the United States on December 9, 2023",5.0 out of 5 stars
B0CRDCXRK2,"I needed a laptop for college because the one I had, which was a Mac, was damaged. So I was looking for one that had the requirements that I need for my career which is architecture.After months of researching and looking for recommendations and even asking teachers, I found several options, this being my option since it meets the requirements I need and at a good price.I use several programs such as AutoCAD, Revit, Photoshop, Luminon among others, I have had no problem using any of them, they run very well, very sharp colors, the material of the laptop is also of very good quality only that as it is matte and gray the fingerprints are marked, I recommend using the laptop connected with the charger so that they work in optimal conditions.",Recommended for architecture students,True,"Reviewed in the United States on December 9, 2023",5.0 out of 5 stars
B0CRDCXRK2,"Gaming: Absolutely fantastic, performance was wonderful, although the fans were quite loud during gameplay (especially while playing Cyberpunk 2077)Display: pretty good display, can't say anything bad about it, I'm not some person who needs the screen hz to be super high... Especially on a small screen.Sound Quality: It's okay for a gaming laptop, but definitely use headphones or connect it to a soundbar which I have.Heat: The 3 fans are doing a fantastic job cooling the laptop, it goes from 57-60¬∞C on idle to around 77- 81 ¬∞ C during heavy gameplay. Fans get as loud as 46.5 dBA.Weight: hell of a lot lighter than my Dell G15 which weighs at around 5.8 lbs, while this one weighs in at around 5.5 lbs. Which I didn't expect.Ports : 2 USB Type A ports, 1 HDMI, 1 USB type C thunderbolt4 port, 1 USB Type C with Display port & PD charger support, 2.5G LAN RJ-45 Jack, and an Audio combo jack.What I'm most excited about is the Thunderbolt4 I can finally connect an EGPU to it.If you're looking at this, you're not gonna have a lot of regrets buying it.",Pretty darn good,True,"Reviewed in the United States on December 9, 2023",5.0 out of 5 stars
B0CRDCXRK2,So at first the screen would freeze and the system had some trouble starting up so i had to restart it a few times and update some drivers especially for the nvidia gpu but now for the most part the system is working fine.  The only thing that I have to complain about now is the right speaker will sometimes reduce it out put so most of the sound will come from the left side speaker and I am not sure how to fix that but gaming perfrormace has been great and the keyboard is very nice.  Overall a very good device.,"Good laptop, right side speaker is acting odd.",True,"Reviewed in the United States on December 9, 2023",4.0 out of 5 stars
B0CRDCXRK2,"Overall, this laptop is great, and it's already been serving me well, there's just a few problems with it. I've seen this stated elsewhere in reviews and I too have to say that it has rare stuttering issues where a game or other program will freeze suddenly for about a second or two before resuming. It isn't major but it's still an annoyance, and I hope it gets fixed with a software update eventually.The larger problems, to me, are that the touchpad is absolutely massive, way bigger than my old laptop, and I have to keep it disabled constantly because it's way too easy to accidentally press when typing, and that the screw for the second M.2 SSD slot cannot be removed. I don't know who or what tightened that screw down but it's down so tightly that I cannot move it at all, no matter how much force I try to apply, to the point that I'm absolutely certain that the force required to remove it would be impossible without stripping the screw and also damaging internal parts around it.It's kind of mean to sell a laptop with a second M.2 slot that has a nonfunctional screw. I plugged in an SSD anyway and am just using the laptop case to hold it in place, which has a risk of it popping out, though said risk is lessened by me not taking my laptop with me outside anywhere so there's very little chance of it being jostled.",Great but has issues,True,"Reviewed in the United States on December 9, 2023",3.0 out of 5 stars
B0CRDCXRK2,"Replaced a 2021 Asus TUF F15 core i7-11320h RTX 3070 (my kid's school laptop)Pluses:Got it when it was $1399Upgrades to 32GB DDR5 4800 1.1v CL34 (XMP 3.0) GSkill with no issuesIt's been stable so far. No crashes.Upgraded SSD to 2TB with no issues. (used Acronis to clone SSD contents)Advanced Optimus with GSync works. It has a MUX switch (restart needed) but it seems that there's no need to use it. Performance difference between Ultimate (MUX) and Standard (advanced optimus) mode is negligible.Relatively quiet (compared to my Alienware X17)Decent battery life when not gaming (5 to 6 hours web / video use)Has a webcam (720p) although it seems to be not Windows Hello compatible.Decent CPU performance for the price (14 core / 20 thread / 24MB L3 cache / 4.9Ghz)Minuses:My unit never reaches the rated 140w TGP of the 4060. It maxed out at 87w in standard mode under stress test (Furmark). For stability testing, it reached 111w with Afterburner overclocking (plus 267mhz core 367 mem). Max temp was low to mid 70s c. I think I will keep stock settings because it's primary use is going to be film/media school work for my child (Blender, Adobe Premiere, and other content creation stuff etc)Wanted to upgrade to 64Gb memory but website specs says 32Gb is the maximum supported.Edited (updated): changed my review to 5 stars. Finally able to get the GPU to utilize 140w (and a lil bit more) without manual OC (used Turbo mode). Turned on Extreme Burn in and Post FX in Furnark (artificial GPU stress testing tool)",Decent Mid Range,True,"Reviewed in the United States on December 9, 2023",5.0 out of 5 stars
B0CRDCXRK2,"It started doing what it was supposed to and not even a year later the batter completely died. Won‚Äôt charge, won‚Äôt come on at all. So disappointed.",Started off great but,True,"Reviewed in the United States on December 9, 2023",3.0 out of 5 stars
B0CRDCXRK2,"initially, I was impressed by the design of the laptop then almost instantly started noticing problems with the screen where some parts of the screen became black for a second then it went away and it wasn't a big deal then 3 months later out of nowhere the screen had lines all over it and gets worse over time to the point I can't read the screen I just bought a monitor to keep using it.The second thing was the audio where the volume went up and down even after I tried every solution possible and contacted the support and still the same problem and one of the speakers was not even working.The last thing, shipping which was the worst part, I had to make phone calls every day to UPS for them to deliver my laptop when the laptop was already in my country MOROCCO and it took UPS almost a month to deliver my parcel I think Amazon should stop using UPS for shipping parcels to Morocco, DHL is so much better.I still believe it is a good laptop very powerful and the design is very nice and you can play any game on it but it has many issues that Asus need to fix I think a better alternative is Legion 5 pro at the same price range but I haven't tried it yet",one speaker is not working and screen issues after 3 months of use,True,"Reviewed in the United States on December 9, 2023",2.0 out of 5 stars
B0CRDCXRK2,"The laptop worked fine for the first couple of weeks but then it started suddenly overheating, asus has been having crappy cooling solutions as this is my second time purchasing this exact model. I‚Äôm pretty sure it‚Äôs with the Liquid Metal not being applied correctly by the machines",It‚Äôs an alright laptop,True,"Reviewed in the United States on April 21, 2024",3.0 out of 5 stars
B0CRDCXRK2,I have had this lap top since October and I don't have any complaints! The graphics are amazing! I play Red Dead Redemption 2 and the graphics are so beautiful on this thing. It has no problem running the games I like to play.  I also love the lights lol,I love this thing!,True,"Reviewed in the United States on April 21, 2024",5.0 out of 5 stars
B0CRDCXRK2,"Considero que comprando desde Chile, actualmente esta podr√≠a ser la mejor compra de laptop calidad precio, debido a que en chile, laptops con estas caracter√≠sticas de ultima generaci√≥n, se encuentran muy pocas o a un precio m√°s elevado a comparaci√≥n con lo que encontr√© en Amazon.Esta laptop ademas tiene un rendimiento excelente ya que tiene componentes de ultima generaci√≥n, sin mencionar la excelente calidad de la pantalla y los materiales de construcci√≥n de esta laptop.Y por ultimo me gustar√≠a mencionar el r√°pido despacho de la laptop, la cual demor√≥ 8 d√≠as en llegar desde que hice el pedido.Datos importantes: El cargador que viene en la caja es con enchufe americano, sin embargo puedes comprar un adaptador y enchufarlo a la corriente en Chile sin problema, ademas este tiene un costo muy asequible.El teclado de la laptop es en ingles, as√≠ que recomiendo a la hora de configurarlo en el primer encendido, elegir la distribuci√≥n de teclado en ingles internacional, as√≠ los atajos se√±alados en las teclas ser√°n las mismos que se presentaran en pantalla, esto lo se√±alo ya que yo al momento de configurarlo, eleg√≠ la distribuci√≥n en espa√±ol, y los atajos no son los mismos que se presentan en el teclado.",Excelente laptop calidad precio,True,"Reviewed in the United States on April 21, 2024",5.0 out of 5 stars
B0CRDCXRK2,Muy buena laptop en especial para su precio me lleg√≥ muy bien lo malo es que el material del que est√° echo hac√© que sea f√°cil dejar tus huellas dactilares y es dif√≠cil d quitarlas pero de all√≠ muy buen producto,Recomendable,True,"Reviewed in the United States on April 21, 2024",4.0 out of 5 stars
B0CRDCXRK2,"Great laptop for the two weeks I have had it, but as I was shutting it down last night the power supply shorted out with very loud frying noises. Currently waiting on the warranty department to contact me backMine is the 2024 model",Great laptop but,True,"Reviewed in the United States on April 21, 2024",3.0 out of 5 stars
B0CRDCXRK2,its good,heavy weight,True,"Reviewed in the United States on April 21, 2024",5.0 out of 5 stars
B0CRDCXRK2,"First the next day delivery didn‚Äôt happen and it was 8pm the following day when this arrived. Outer box and inner ASUS box and packaging were fine. However the display cable or connection to the system board gave me the screen pictured. It powers up and the opening audio plays perfectly but that‚Äôs all I can say. A complete weekend wasted waiting on a new unusable laptop. Very frustrating and becoming more common with Amazon. They just don‚Äôt care anymore. I now have to wait up to 30 days for a refund before I can order a new laptop. I may venture out to brick and mortar stores and I‚Äôm leaning toward not renewing Prime. It‚Äôs gonna go up in price again and continues to go down in value. The laptop looks and feels nice but it‚Äôs useless without a functioning display out of box. Once upon a time, quality control was a thing, but it‚Äôs being phased out to save money and shove products out.",Display failure out of box,True,"Reviewed in the United States on April 21, 2024",3.0 out of 5 stars
B0CRDCXRK2,"I initially left a brutally scathing albeit polite review of this product, because on the initial startup it failed to operate correctly and was overall a terrible device. After a hard reset and a week of usage, I am happy to report that it is not only beautiful, but powerful. This laptop can run ANY AAA game on its own, with stunning graphics and amazing framerate. It even recieves my crappy wifi better, so games that used to give me ~180 ping now settle down to a clean 40. When hooked up to an eGPU, it maintains the straight of performance but can run silently as well. I am glad the reset gave me full functionality of this device, it is truly a remarkable piece of technology.",Updated: Initial despair lead to overwhelming amazement,True,"Reviewed in the United States on April 21, 2024",5.0 out of 5 stars
B0CRDCXRK2,"It was fast and ran stuff like Star Field on max at 35-40 fps. Ran everything I threw at it and even connected with the Meta Quest 2 for some cool VR stuff.The bad was that I returned it for 2 reasons. It ran very very hot! Maybe something was defective on mine because even with the fans on JET Engine manual mode the processor was still reaching dangerous levels. You also don't want this laptop on you lap guys if you ever want kids. The other issue was the keyboard. While it was really cool and blinky colors, you can't see the letters on the keys. The light basically bleeds through the entire key not just the letters. Not a issue for the people that don't need to see them, but at night I had to use a external keyboard.My issue with the processor heat may be within ""spec"" but I know heat kills electronics and the more heat, the lower the life cycle. Like I said... it was blazing fast and never melted down but I would strongly suggest a cooling pad.",Can't see the keys!,True,"Reviewed in the United States on April 21, 2024",3.0 out of 5 stars
B0CRDCXRK2,"I received the laptop around january and all was going well, i loved the laptop. There were minor bugs but nothing worth wanting to return the laptop. I downloaded Nvidia Control Panel to customize the integrated settings the computer has set automatically. The laptop for its specs was running poorly to the point i had to set all settings to performance and even then it didn‚Äôt feel like a 4060. The laptop‚Äôs performance varied from day to day and i scoured the internet to find out why. When the laptops return date closed the laptop started performing horribly. I‚Äôm talking random spikes of fps from 300 to 60 to 40. Constant stuttering and the wifi getting worse. The laptop is fine for anything but gaming and i feel that‚Äôs pretty ironic. I did buy it for gaming hence it is a gaming laptop. I‚Äôm trying to figure out what i can do to get another of the same model because this model gave out on me and this was NOT advertised in any video i watched regarding the laptop or reviews i‚Äôve seen. I expected to get the best i mean 4060 13th Gen i7-13650HX‚Ä¶ 16 GB of ram there is no excuses for bad performance. I honestly want to hope i just got a bad model because i spend a lot of money just for this to be a great laptop to a disappointing one. I also payed 200$ for a 4 year warranty but the company is making it really hard for me to contact them.",From Good to Terrible,True,"Reviewed in the United States on April 21, 2024",2.0 out of 5 stars
B0CRDCXRK2,"Minus one star because it was stuck in this shipping loop for like 2 1/2 weeks and I was getting no response as the status. Delivery date was moved further and further back.Anyways, I'm a 3D artist and do lots of rendering and processing as well as play games, and this computer works awesome. It's fast and responsive. Beautiful display and rgb colors. I have had no issues and use it daily. Power cord input is in a strange spot, but no complaints otherwise.",Awesome laptop,True,"Reviewed in the United States on October 2, 2023",4.0 out of 5 stars
B0CRDCXRK2,"Better than I expected and bought it for $1,390. I chose between several brands and studied competitors for about 2 weeks.Many competitors had up to $1,500, had a poor quality of the screen, the case, or they did not turn on at all.Judging by the reviews, a large number of defective models were commonplace on 4060 and 4070 video cards.As for this model, the pros:The laptop turns on without defects!I was looking for intel i7 13 xxx and rtx 4060/4070 graphics card.Decent performance, excellent build quality.The screen is good, nvidia g-sync, 165hz, pantone + dolby vision certified (without standard HDR)The sound from the speakers is normal with dolby atmos.The keyboard is gorgeous with backlight in several zones and is pressed pleasantly.There is a MUX switch.The metal cover of the laptop.Quiet and cold compared to other laptops in this price category.Disadvantages:Inconvenient USB-A on the right side if you are right-handed and you have a wired mouse. (I bought a USB-C to USB-A adapter)Inconvenient charging port on the left side in the center (the wire is heated by the cooling system).The screen is 8 bits (without standard HDR).The absence of the numpad that is on the images.Overall, I am very satisfied, the rating for this price (under 1500$) is 10/10.",High quality and without defects.,True,"Reviewed in the United States on October 2, 2023",5.0 out of 5 stars
B0CRDCXRK2,"Finally upgraded from an older RoG Laptop with a GeForce 1060. Now with a 4060 everything is so fast and fluid in 60 fps, and I‚Äôm loving it. Laptop also has a second SSD M.2 slot available in case you wanna expand your internal memory. Definitely recommend this one if you‚Äôre short in budget!",Great Laptop with Excellent Performance,True,"Reviewed in the United States on October 2, 2023",5.0 out of 5 stars
B0CRDCXRK2,Didn't want to buy at first cause I thought the 4060 wouldn't be powerful enough but man it runs all my games at max settings no problem. The fans arent even loud while gaming to me it seems really quite with great temps. The only bad thing is mine came with 512gb I will be buying a 4TB ssd later on next year for it. For right now I'm using an external SSD 2tb works very well. I don't think this laptop is heavy as people claim. It's a gaming laptop of course it's going to weigh a bit. If you need a laptop for on the go gaming this is it. I'm very happy with it.,Great laptop,True,"Reviewed in the United States on October 2, 2023",5.0 out of 5 stars
B0CRDCXRK2,"Everything is great, just hope you have 1TB version.",A suggestions,True,"Reviewed in the United States on October 2, 2023",4.0 out of 5 stars
B0CRDCXRK2,Upgrading laptop is not easy and I am a retired computer specialist who used to build PCs,Durable laptop,True,"Reviewed in the United States on October 2, 2023",4.0 out of 5 stars
B0CRDCXRK2,"The screen is the downfall of this computer and doesn‚Äôt even justify the price during intel gamer days. Asus claims 300 nits, but this hardly seemed like 250 nits. The rest of the computer is fine but since you buy a laptop for the portability which means you need to use the screeen, this computer fails. Other brands like HP and Lenovo advertise 300 nits or 350 nits in similar priced computers and their screens are usually even brighter than their specifications.The returning of this computer has higlighted how poor of an experience it is. It was purchased and shipped from 1st party, UPS had it retuned but even now my account says ‚Äúreturn started, we are waiting for you to send it‚Äù after several chats and calls this can not be resolved. I dare anyone to try and get past the AI chat, ha! Never again knowing this return lack or process will I purchase any item of value from here. I will stick to big stores that I can return in person.","Very dim screen, poor return experience",True,"Reviewed in the United States on October 2, 2023",3.0 out of 5 stars
B0CRDCXRK2,"I bought this laptop for long work trips where I would have no internet connectivity. Initially I bought the steamdeck from valve. Although I am sure the steamdeck is great for someone people, it just did not have the muscle I needed to play games (I know these two products are massively different price points). This laptop has been great to have as a gaming experience I can rely on! Rocket League is super smooth with two people playing (sorry that is the best benchmark I have)! Would recommend!Pros- Solid gaming experience- Fast boot time- Good value- Thermal system seems to do a good job managing tempsCons:- I am not obsessed with windows 11, and unfortunately it comes pre installed- The mouse pad frequently doesn't know if I want to left click or right click. This could be user error, but it definitely is better to use a mouse when navigating the desktop",Great gaming laptop on the go!,True,"Reviewed in the United States on October 2, 2023",5.0 out of 5 stars
B0CRDCXRK2,"Me encanta la laptop, no tenia mucha esperanza, pero corre veloz, los juegos que me gustan lo corre normal sin lag.",Recomendado,True,"Reviewed in the United States on October 2, 2023",5.0 out of 5 stars
B0CRDCXRK2,"Lleg√≥ en excelente estado y hasta el momento, no ha presentado ning√∫n problema. El rendimiento en general es impresionante, ya que logra ejecutar sin dificultades todos los juegos que he probado. Sin embargo, es importante se√±alar que, en juegos m√°s exigentes, se ha observado un ligero aumento en la temperatura, lo cual se soluciona f√°cilmente activando el modo turbo. Aparte de este detalle, el equipo cumple de manera excepcional para tareas de edici√≥n y brinda un rendimiento destacado en todos los juegos. En resumen, una compra altamente satisfactoria.",Excepcional Rendimiento,True,"Reviewed in the United States on October 2, 2023",5.0 out of 5 stars
B0CRDCXRK2,"Tenia un asus tuf FX517ZC 2022 y no pens√© que el cambio fuera tan radical, es una de las mejores inversiones que he realizado, 100% recomendado, ahora quiero mencionar todo lo positivo y por lo cual seleccione el ASUS ROG G16 2023, y sus diferentes caracter√≠sticas que voy a describir, -- 1. en juego la temperatura se mantiene bastante estable y el adaptador no se calienta sus ventiladores no se vuelven molestos -- 2. Calidad de sonido cambia mucho y se siente totalmente diferente mas envolvente -- 3. Sus 165hz hacen vivir una experiencia visual mas agradable -- 4. Sus teclas RGB hacen un cambio genial en la experiencia de usuario. -- 5. Su tarjeta 4060 hace que corran con una excelente calidad grafica los juegos que pude probar, y el procesador no supero el 60% de uso, cabe aclarar que esto es mi experiencia personal cambiando de TUF a ROG que me parece muy grande. No duden en hacer el upgrade cuando puedan.",Excelente compra,True,"Reviewed in the United States on July 5, 2023",5.0 out of 5 stars
B0CRDCXRK2,1 Very small display listing got me i should have researched. 2 HDMI out has low support will not use the GPU on many monitors. 3 Windows 11 just a bad OP i didn't know how bad. I would not recommend and regret not returning it i tried giving it a chance  many better options out there 1+ it dose run well just runs to hot size is to small for good air flow,Read the fine print,True,"Reviewed in the United States on July 5, 2023",2.0 out of 5 stars
B0CRDCXRK2,Great gaming laptopSound system is amazingHigh manufacture quality,High manufacture quality,True,"Reviewed in the United States on July 5, 2023",4.0 out of 5 stars
B0CRDCXRK2,"Lo compr√© para env√≠o en Colombia, aqu√≠ hubiese costado el doble, lo recib√≠ hace 2 d√≠as y ya me encanta. Es buen√≠simo y con todas las especificaciones que promete.",Excelente,True,"Reviewed in the United States on July 5, 2023",5.0 out of 5 stars
B0CRDCXRK2,"This is a great laptop for work and for gaming for the price, I would recommend this laptop. I get 120+ FPS on warzone and can play pretty much every game I throw at it.",Amazing Laptop for work and play!,True,"Reviewed in the United States on July 5, 2023",5.0 out of 5 stars
B0CRDCXRK2,"The product arrived with a defect - understandable, as quality issues sometimes happen. The pc made a periodic buzzing sound that drove me crazy. I sent it in for a warranty repair and it was shipped back to me without the issue being fixed! When I called to inquire about it, the operator was unintelligible and simply started a new warranty request rather than pull up any information from the old one.Good product, bad support/repair system. Shame, since I have been such a fan of ASUS products in the past.",Customer support was terrible.,True,"Reviewed in the United States on July 5, 2023",3.0 out of 5 stars
B0CRDCXRK2,My son‚Äôs Papa bought him a laptop & he's in gaming heaven.  My 10-year-old son said ‚ÄúIt doesn't overheat when I'm playing all day & it's ‚Äúhigh-tech & works really well for the games I play‚Äù.,Gaming at its best,True,"Reviewed in the United States on July 5, 2023",5.0 out of 5 stars
B0CRDCXRK2,"I have been in the market for a new PC/laptop for years. My older laptop has been on its last leg for some time and finally gave up on me. After spending hours, and days searching for a replacement that met my needs, the ASUS ROG Strix G16 (2023) Gaming Laptop was the one. I was able to upgrade some parts at a cheap price after I received it.I'm happy!",I'm Happy,True,"Reviewed in the United States on July 5, 2023",5.0 out of 5 stars
B0CRDCXRK2,"En general es muy buen art√≠culo, cumple con las especificaciones y es muy r√°pido, me ha podido correr juegos pesados como cyberpunk, Red Dead redemption, entre otros, pero las temperaturas en ambientes normales no bajan de 50 - 60 grados, y en el perfil ""turbo"" oscilan entre 80 a 90, los tres ventiladores no ayudan de mucho, sin embargo esto es causado por el procesador, en si la laptop es muy buena, recomendada.",Buen producto aunque las temperaturas son altas,True,"Reviewed in the United States on July 5, 2023",4.0 out of 5 stars
B0CRDCXRK2,"bought this laptop a month ago and wanna share my experienceAdvantages:great 165 hz screen, feels like I'm using OLED displaygood components for the price, run all games I want on ultra settings (battlefront 2, hitmam 3, fifa 23, witcher 3, apex legends etc.) DLSS works perfectly finebig and good touch screensolid 720p web cam, perfect for zoom meetingsasus app with huge possibilities, you can change almost everythingbacklight keyboard, feels good when I use it5 programmable keys, you can set any commandmux switchyou can add 2nd ssd and update ramdisadvantages:cpu sometimes reaches 90 degrees celcius while gaming (100% loaded), heavy games runs at 83-86 at average, idk if it is too hot, but yeahonly 2 usb a portsno num lock keyoverall very good laptop, I highly recommend",very good laptop for the price,True,"Reviewed in the United States on July 5, 2023",5.0 out of 5 stars
B0CRDCXRK2,"Hi, this is my first time to purchase a laptop here and I'm happy to share my comment after using this laptop. I had bought Asus ROG Strix G16 with 16GB ram and 512 GB SSD. When I used it firstly, the file explorer frozen after I tried to open a folder which contains a lot of data from my previous laptop.Hence I purchased 64GB ram kit and 4TB SSD from Amazon and install them to my new laptop.And, everything fine :)",This is a great laptop after updating hardware.,True,"Reviewed in the United States on December 6, 2023",5.0 out of 5 stars
B0CRDCXRK2,"I have been building and gaming on PC's for 15 years, and while it's been awhile since I've needed a laptop, I am extremely impressed by this device.  It handles any gaming and video rendering I've thrown at it with impressive quality and speed.  I would say it performs similar to a lower 30 series desktop build.I've just gotten it, so things may change... but I am extremely happy with this purchase.  I paid $1338 and am still blown away by that value, the monitor isn't anything crazy but it's impressive.It's not the best gaming laptop, but anyone should be happy to receive this. It might be one of the best dollar values. It plays every game at high FPS and settings.",Good value & gaming performance,True,"Reviewed in the United States on December 6, 2023",5.0 out of 5 stars
B0CRDCXRK2,If you are looking for a gaming laptop this laptop is for you,The best laptop in the world,True,"Reviewed in the United States on December 6, 2023",5.0 out of 5 stars
B0CRDCXRK2,"Works perfectly. Touchpad is the great one, in comparison with other laptops, even non gaming ones.Screen color depth is great, also you can change colors settings, its very easy.Call of Duty Warzone, Battlefield 5, Warhammer 3, FIFA 23, all of this games tested by me on ultra settings, and all of them could not load the CPU more than 50-60%, however the GPU works on 90-99%.The temperate are about 70-80C on Turbo modeThe only thing, that looks ""not good"" or could be better for me, is that when you opens the application, which need your RTX GPU, the system freezes for a 2-3 seconds, and then switched to more powerful GPU.",Best of the best(For its price),True,"Reviewed in the United States on December 6, 2023",5.0 out of 5 stars
B0CRDCXRK2,"I do recommend this laptop; this is a great buy with great performance overall. 16inch may seem big but its quite compact for the features it offers. Silent as promised and runs every game at max at steady 60 fps.The only downside is that for other regions, Asus includes a travel charger and a gaming mouse with the laptop. Would have been great offer to include it on US. (This is the reason I provide 4/5 stars)",Great gaming + work laptop,True,"Reviewed in the United States on December 6, 2023",4.0 out of 5 stars
B0CRDCXRK2,"I hesitated between a 30 series and a 4070, but chose this one for the price, the screen and the newer technology. Performance is great, scored UFO for every benchmark after updating bios. Way above expectations. Am now running cyberpunk with overdrive ray tracing, get 60 fps in most locations with a bit of tweaking (balanced DLLS but almost everything tuned very high). Cools very well. Only downside is the lack of the numpad as shown on the picture. That is false advertising. Shame on Amazon. Otherwise I would have given it 5 stars for the price I paid (1399 usd).",Great performance,True,"Reviewed in the United States on December 6, 2023",4.0 out of 5 stars
B0CRDCXRK2,"I recently purchased the rog strix g16 4060.  It is fast, reliable, and great for gaming and everyday use. It is easy to open up and upgrade the ram and ssd. Opening the laptop involves about 11 screws, with the bottom right screw being captive. I would definitely recommend this for gaming and everyday use. It was delivered on time and came brand new.",Great Laptop,True,"Reviewed in the United States on December 6, 2023",5.0 out of 5 stars
B0CRDCXRK2,Very good device with high quality and high performance.,Best Price,True,"Reviewed in the United States on December 6, 2023",5.0 out of 5 stars
B0CRDCXRK2,"Lleg√≥ r√°pido a pesar de un peque√±o retraso de 2 d√≠as, muy bien empacado y perfecto, todo acorde a la descripci√≥n del producto comprado",Excelente m√°quina,True,"Reviewed in the United States on December 6, 2023",5.0 out of 5 stars
B0CRDCXRK2,A good budget gaming laptop. Entry level but latest hardware.  Chassis is well built.  The lack of number pad may be an issue for some gamers.  Keyboard is good quality.  The FHD display is quite acceptable at this price and has a thin bezel.  The three fans are quite and do a good job.  Asus customer service is quite responsive.  All in all a well rounded package at a reasonable price.Declaration of interest:  a 90 day warranty extension from ASUS may be granted for writing this review.,well built,True,"Reviewed in the United States on December 6, 2023",4.0 out of 5 stars
B0CRDCXRK2,"La Asus rog strix G16, fue una excelente compra, apenas la abr√≠ me quede maravillado con la calidad del material que fue dise√±ada, se ve super resistente, es muy bonita, las luces se ven increibles, En el momento de probarla se nota que es una laptop muy potente, la compr√© especialmente porque estoy cambiando de equipo, acabo de pasar de una Hp Omen con tarjeta de video GTX960 a esta increible laptop con tarjeta de video RTX4060, es un gran cambio. Acabo de instalarle juegos como red dead redemption 2  y programas de edicion de fotos como adobe illustrator, en donde demostr√≥ su m√°ximo esplendor, sin paros, a su m√°xima potencia.",Excelente compra,True,"Reviewed in the United States on July 25, 2023",5.0 out of 5 stars
B0CRDCXRK2,"The laptop have a very good building quality, is fast and powerful, very good if you found it at a good price. The only problem I found was the fans are too loud on turbo mode and the battery isn‚Äôt the best when the GPU is use in ultimate",Good overall laptop but,True,"Reviewed in the United States on July 25, 2023",4.0 out of 5 stars
B0CRDCXRK2,"Me agrada lo vers√°til y r√°pido de este equipo a pesar que reci√©n lo estoy usando en toda su perfomancia, se ve que promete horas de diversi√≥n y trabajo, me hubiera gustado que tenga teclado en espa√±ol y m√°s memoria SSD..por lo dem√°s todo ok..lo recomiendo est√° buenazo","Un magn√≠fico equipo..s√∫per poderoso, lo recomiendo",True,"Reviewed in the United States on July 25, 2023",5.0 out of 5 stars
B0CRDCXRK2,"product came quickly and runs smoothly, all games tested run at highest settings with no issues without overheating the gpu. only complaint is the disk size, 1TB should be standard while this was 512gb. Overall major upgrade from what I was previously using so that is no big issue and can be upgraded, plays everything with no problems so I'm happy with the purchase",great computer,True,"Reviewed in the United States on July 25, 2023",4.0 out of 5 stars
B0CRDCXRK2,Laptop performs above expectations. 4060 is a lot more powerful than I thought! Great value for the price. Battery life is decent for web browsing/ light tasks but need to keep the charger close.,Excellent!,True,"Reviewed in the United States on July 25, 2023",5.0 out of 5 stars
B0CRDCXRK2,"Compr√© este laptop para editar videos para redes sociales, ha tenido un buen rendimiento y renderiza con buenos tiempos. Tambi√©n he jugado algunos videojuegos que demandan muchos recursos como Apex legends, The Finals o Cities Skylines 2 y todos corren bien (jugando sin gr√°ficas en alta)",Muy buena para juegos y edici√≥n de video,True,"Reviewed in the United States on July 25, 2023",5.0 out of 5 stars
B0CRDCXRK2,"Excellent and quality, this laptop is not only fast, it has a great design, I am not a professional gamer but for all its components, it has plenty to play and do what you want, very good purchase, I recommend it 100%",Excellent,True,"Reviewed in the United States on July 25, 2023",5.0 out of 5 stars
B0CRDCXRK2,"I'm so frustrated with this seller, the first laptop I purchased from them was the 2024 model with the 4060 graphics card, i7 processor, well the laptop arrived, but anytime I turned it on or opened it up, it would take 15-20 minutes for the screen to actually turn on so that I could use it. After several days of trying everything I could think of and everything support suggested to fix it, I decided to return it and get a different one.No cue my real anger, after the replacement arrived, which was sent via UPS and was a hassle to get, I open the box, boot up the laptop, and immediately notice that this replacement looks different and has different amounts of USB ports, HDMI ports, etc, so after I pull up the about info, they sent me a laptop with a 3060, not the 4060 one I paid for, and with a worse processor, smaller SSD, everything was worse. So now I'm initiating a second return.All this to say buyer beware, don't make the same expensive mistake I did. Stay away from this seller.",Please read this review before purchasing,True,"Reviewed in the United States on July 25, 2023",1.0 out of 5 stars
B0CRDCXRK2,"La estoy utilizando para la universidad y jugar ocasionalmente, me sorprendio la duracion de la bateria para ver videos y hacer ofimatica en comparacion con mi anterior Predator Helios 300 modelo 2018, en verdad es pesada pero si llegas a comprarla ya debes de estar consiente de ello. No me gusta que cada vez que desconecto o conecto el cargador se apague la pantalla (milesegundos) y que no tenga  pad numerico de verdad hace falta (en mi caso).",Excelente precio calidad,True,"Reviewed in the United States on July 25, 2023",5.0 out of 5 stars
B0CRDCXRK2,Great investment. It runs latest generation game flawelesly,Nice laptop,True,"Reviewed in the United States on July 25, 2023",5.0 out of 5 stars
